{"cameraMode":{"drawMode":0,"name":"Shaded","section":"Shading Mode"},"sceneLighting":false,"audioPlay":false,"sceneViewState":{"showFog":true,"showMaterialUpdate":false,"showSkybox":false,"showFlares":true,"showImageEffects":true,"showParticleSystems":true},"in2DMode":false,"pivot":{"x":-0.06519699096679688,"y":0.09385550022125244,"z":-0.08208632469177246},"rotation":{"x":0.08747436106204987,"y":0.380415141582489,"z":-0.03617369756102562,"w":0.9199628233909607},"size":3.546459436416626,"orthographic":false}