{"cameraMode":{"drawMode":0,"name":"Shaded","section":"Shading Mode"},"sceneLighting":false,"audioPlay":false,"sceneViewState":{"showFog":true,"showMaterialUpdate":false,"showSkybox":false,"showFlares":true,"showImageEffects":true,"showParticleSystems":true},"in2DMode":false,"pivot":{"x":-0.059200823307037356,"y":0.5847063660621643,"z":0.13197138905525208},"rotation":{"x":-0.1123833954334259,"y":0.7986354827880859,"z":-0.157504603266716,"w":-0.569911777973175},"size":1.9838366508483887,"orthographic":false}