{"cameraMode":{"drawMode":0,"name":"Shaded","section":"Shading Mode"},"sceneLighting":false,"audioPlay":false,"sceneViewState":{"showFog":true,"showMaterialUpdate":false,"showSkybox":false,"showFlares":true,"showImageEffects":true,"showParticleSystems":true},"in2DMode":false,"pivot":{"x":0.06889926642179489,"y":0.1485106348991394,"z":0.03793269395828247},"rotation":{"x":0.08389254659414292,"y":0.9139382839202881,"z":-0.31213244795799258,"w":0.24556922912597657},"size":3.09912371635437,"orthographic":false}